tempo_s,roll_graus,referencia_graus
27.87992390000727,2.47,0.0
27.87995790000423,2.43,0.0
28.0883852999832,2.39,0.0
28.088416499987943,2.35,0.0
28.28450239999802,2.33,0.0
28.284535799990408,2.39,0.0
28.481998800009023,2.34,0.0
28.48204169998644,2.35,0.0
28.688994800002547,2.34,0.0
28.689030299981823,2.41,0.0
28.881835599982878,2.29,0.0
28.88186819999828,2.38,0.0
29.088896200002637,2.39,0.0
29.08892839998589,2.37,0.0
29.280667999992147,2.35,0.0
29.280701199983014,2.33,0.0
29.485899499995867,2.41,0.0
29.485931100003654,2.42,0.0
29.682062699983362,2.37,0.0
29.68210000000545,2.32,0.0
29.884196700004395,2.41,0.0
29.884228699986124,2.42,0.0
30.087997900001938,2.43,0.0
30.088031199993566,2.39,0.0
30.281413699995028,2.35,0.0
30.281444499996724,2.39,0.0
30.481467899982817,2.39,0.0
30.48149979999289,2.43,0.0
30.687752900004853,2.37,0.0
30.687784000008833,2.36,0.0
30.885057499981485,2.43,0.0
30.88509039999917,2.36,0.0
31.08235360000981,2.4,0.0
31.08238400000846,2.42,0.0
31.2882188000076,2.34,0.0
31.288251499994658,2.41,0.0
31.489992499991786,2.38,0.0
31.490024800004903,2.41,0.0
31.68437060000724,2.38,0.0
31.684421499987366,2.35,0.0
31.892871899995953,2.39,0.0
31.892904799984535,2.35,0.0
32.08337360000587,2.35,0.0
32.08340539998608,2.39,0.0
32.284262600005604,2.34,0.0
32.284294699988095,2.33,0.0
32.492369599989615,2.35,0.0
32.492403599986574,2.25,0.0
32.68841269999393,2.34,0.0
32.68844609998632,2.43,0.0
32.88387540000258,2.24,0.0
32.88390789998812,2.31,0.0
33.084079699998256,2.38,0.0
33.084115200006636,2.38,0.0
33.285755499993684,2.34,0.0
33.285790299996734,2.44,0.0
33.48700110000209,2.43,0.0
33.4870522999845,2.43,0.0
33.69369220000226,2.39,0.0
33.69372619999922,2.39,0.0
33.88811420000275,2.42,0.0
33.88814709999133,2.43,0.0
34.08607990000746,2.41,0.0
34.08611309999833,2.39,0.0
34.28549959999509,2.37,0.0
34.285534599999664,2.4,0.0
34.4901683999924,2.38,0.0
34.49020259999088,2.37,0.0
34.688370599993505,2.39,0.0
34.68840349998209,2.37,0.0
34.889276900008554,2.35,0.0
34.88930819998495,2.32,0.0
35.08908410000731,2.36,0.0
35.08911729999818,2.42,0.0
35.28748619998805,2.35,0.0
35.28752009998425,2.5,0.0
35.49481229999219,2.47,0.0
35.49484259999008,2.44,0.0
35.68918929999927,2.44,0.0
35.68922120000934,2.36,0.0
35.88725830000476,2.36,0.0
35.88729039998725,2.45,0.0
36.087407099985285,2.4,0.0
36.087441899988335,2.38,0.0
36.293915799993556,2.41,0.0
36.293961599993054,2.37,0.0
36.491560099995695,2.34,0.0
36.491591800004244,2.34,0.0
36.68979330000002,2.38,0.0
36.68982609998784,2.38,0.0
36.88656089999131,2.41,0.0
36.88659499998903,2.36,0.0
37.10465839999961,2.45,0.0
37.10472689999733,2.44,0.0
37.29525029999786,2.34,0.0
37.295284699997865,2.47,0.0
37.489480999996886,2.46,0.0
37.48951049998868,2.46,0.0
37.68633540000883,2.38,0.0
37.68638749999809,2.4,0.0
37.8896068999893,2.37,0.0
37.88963799999328,2.35,0.0
38.08682470000349,2.35,0.0
38.08685729998979,2.35,0.0
38.2976102999819,2.43,0.0
38.2976446999819,2.32,0.0
38.49127120000776,2.31,0.0
38.49130339999101,2.34,0.0
38.701177599985385,2.41,0.0
38.701208599988604,2.37,0.0
38.88804389999132,2.48,0.0
38.888076200004434,2.46,0.0
39.08714779998991,2.42,0.0
39.08717919999617,2.38,0.0
39.287512399983825,2.36,0.0
39.28754379999009,2.43,0.0
39.48763289998169,2.45,0.0
39.48766449998948,2.37,0.0
39.6886577999976,2.43,0.0
39.688690799986944,2.46,0.0
39.89216769998893,2.33,0.0
39.892199699999765,2.36,0.0
40.08849679998821,2.36,0.0
40.088530799985165,2.4,0.0
40.290366700006416,2.43,0.0
40.29040120000718,2.4,0.0
40.50695849998738,2.44,0.0
40.506993199989665,2.31,0.0
40.70693119999487,2.3,0.0
40.70696919999318,2.42,0.0
40.89038289999007,2.49,0.0
40.89042199999676,2.36,0.0
41.100155399995856,2.4,0.0
41.10018899998977,2.39,0.0
41.28636379999807,2.37,0.0
41.286393799993675,2.34,0.0
41.48850439998205,2.38,0.0
41.48855169999297,2.08,0.0
41.686504399986006,-2.17,0.0
41.68653690000065,-6.27,0.0
41.88643369998317,-10.42,0.0
41.88646680000238,-13.53,0.0
42.09599390000221,-15.04,0.0
42.096025999984704,-16.43,0.0
42.28862800000934,-18.58,0.0
42.288661099999445,-15.28,0.0
42.48622319998685,-9.6,0.0
42.486259500001324,-5.02,0.0
42.68984350000392,-1.31,0.0
42.689876099990215,-0.45,0.0
42.88623020000523,0.36,0.0
42.886262699990766,0.86,0.0
43.09018709999509,0.92,0.0
43.09022869999171,1.23,0.0
43.28971399998409,1.57,0.0
43.28974720000406,2.31,0.0
43.48789220000617,2.16,0.0
43.48792429998866,2.28,0.0
43.6871902999992,2.36,0.0
43.687248400005046,2.3,0.0
43.89205969998147,2.34,0.0
43.89209169999231,2.33,0.0
44.086714899982326,2.34,0.0
44.08674900000915,2.34,0.0
44.290689199988265,2.41,0.0
44.2907542999892,2.37,0.0
44.48904019998736,2.26,0.0
44.48907379998127,2.23,0.0
44.697909599984996,2.38,0.0
44.6979422000004,2.4,0.0
44.88817029999336,2.42,0.0
44.888200899993535,2.37,0.0
45.08832439998514,2.36,0.0
45.088357800006634,2.31,0.0
45.29047609999543,2.33,0.0
45.29050649999408,2.47,0.0
45.48846900000353,2.44,0.0
45.48850459998357,2.33,0.0
45.68938669998897,2.34,0.0
45.689450699981535,2.38,0.0
45.891555699985474,2.27,0.0
45.89158709999174,2.31,0.0
46.09020949999103,2.35,0.0
46.0902408999973,2.37,0.0
46.29013589999522,2.34,0.0
46.29016579999006,2.33,0.0
46.49023900000611,2.37,0.0
46.49029600000358,2.45,0.0
46.6922915999894,2.43,0.0
46.69232159998501,2.34,0.0
46.89325669998652,2.45,0.0
46.89328809999279,2.42,0.0
47.091950600006385,2.34,0.0
47.09198229998583,2.35,0.0
47.29156320000766,2.39,0.0
47.291594100010116,2.22,0.0
47.495985199988354,2.28,0.0
47.496018699981505,2.28,0.0
47.694567800004734,2.29,0.0
47.69459979998646,2.29,0.0
